<?xml version="1.0" encoding="utf-8"?>
<edmx:Edmx Version="4.0" xmlns:edmx="http://docs.oasis-open.org/odata/ns/edmx" xmlns="http://docs.oasis-open.org/odata/ns/edm">
    <edmx:Reference Uri="/sap/opu/odata/IWFND/CATALOGSERVICE;v=2/Vocabularies(TechnicalName='%2FIWBEP%2FVOC_COMMUNICATION',Version='0001',SAP__Origin='LOCAL')/$value">
        <edmx:Include Namespace="com.sap.vocabularies.Communication.v1" Alias="Communication"/>
    </edmx:Reference>
    <edmx:Reference Uri="/sap/opu/odata/IWFND/CATALOGSERVICE;v=2/Vocabularies(TechnicalName='%2FIWBEP%2FVOC_PERSONALDATA',Version='0001',SAP__Origin='LOCAL')/$value">
        <edmx:Include Namespace="com.sap.vocabularies.PersonalData.v1" Alias="PersonalData"/>
    </edmx:Reference>
    <edmx:Reference Uri="/sap/opu/odata/IWFND/CATALOGSERVICE;v=2/Vocabularies(TechnicalName='%2FIWBEP%2FVOC_ANALYTICS',Version='0001',SAP__Origin='LOCAL')/$value">
        <edmx:Include Namespace="com.sap.vocabularies.Analytics.v1" Alias="Analytics"/>
    </edmx:Reference>
    <edmx:Reference Uri="/sap/opu/odata/IWFND/CATALOGSERVICE;v=2/Vocabularies(TechnicalName='%2FIWBEP%2FVOC_COMMON',Version='0001',SAP__Origin='LOCAL')/$value">
        <edmx:Include Namespace="com.sap.vocabularies.Common.v1" Alias="SAP__common"/>
    </edmx:Reference>
    <edmx:Reference Uri="/sap/opu/odata/IWFND/CATALOGSERVICE;v=2/Vocabularies(TechnicalName='%2FIWBEP%2FVOC_MEASURES',Version='0001',SAP__Origin='LOCAL')/$value">
        <edmx:Include Namespace="Org.OData.Measures.V1" Alias="SAP__measures"/>
    </edmx:Reference>
    <edmx:Reference Uri="/sap/opu/odata/IWFND/CATALOGSERVICE;v=2/Vocabularies(TechnicalName='%2FIWBEP%2FVOC_CORE',Version='0001',SAP__Origin='LOCAL')/$value">
        <edmx:Include Namespace="Org.OData.Core.V1" Alias="SAP__core"/>
    </edmx:Reference>
    <edmx:Reference Uri="/sap/opu/odata/IWFND/CATALOGSERVICE;v=2/Vocabularies(TechnicalName='%2FIWBEP%2FVOC_CAPABILITIES',Version='0001',SAP__Origin='LOCAL')/$value">
        <edmx:Include Namespace="Org.OData.Capabilities.V1" Alias="SAP__capabilities"/>
    </edmx:Reference>
    <edmx:Reference Uri="/sap/opu/odata/IWFND/CATALOGSERVICE;v=2/Vocabularies(TechnicalName='%2FIWBEP%2FVOC_AGGREGATION',Version='0001',SAP__Origin='LOCAL')/$value">
        <edmx:Include Namespace="Org.OData.Aggregation.V1" Alias="SAP__aggregation"/>
    </edmx:Reference>
    <edmx:Reference Uri="/sap/opu/odata/IWFND/CATALOGSERVICE;v=2/Vocabularies(TechnicalName='%2FIWBEP%2FVOC_VALIDATION',Version='0001',SAP__Origin='LOCAL')/$value">
        <edmx:Include Namespace="Org.OData.Validation.V1" Alias="SAP__validation"/>
    </edmx:Reference>
    <edmx:Reference Uri="/sap/opu/odata/IWFND/CATALOGSERVICE;v=2/Vocabularies(TechnicalName='%2FIWBEP%2FVOC_CODELIST',Version='0001',SAP__Origin='LOCAL')/$value">
        <edmx:Include Namespace="com.sap.vocabularies.CodeList.v1" Alias="SAP__CodeList"/>
    </edmx:Reference>
    <edmx:Reference Uri="/sap/opu/odata/IWFND/CATALOGSERVICE;v=2/Vocabularies(TechnicalName='%2FIWBEP%2FVOC_UI',Version='0001',SAP__Origin='LOCAL')/$value">
        <edmx:Include Namespace="com.sap.vocabularies.UI.v1" Alias="SAP__UI"/>
    </edmx:Reference>
    <edmx:Reference Uri="/sap/opu/odata/IWFND/CATALOGSERVICE;v=2/Vocabularies(TechnicalName='%2FIWBEP%2FVOC_HTML5',Version='0001',SAP__Origin='LOCAL')/$value">
        <edmx:Include Namespace="com.sap.vocabularies.HTML5.v1" Alias="SAP__HTML5"/>
    </edmx:Reference>
    <edmx:Reference Uri="/sap/opu/odata/IWFND/CATALOGSERVICE;v=2/Vocabularies(TechnicalName='%2FIWBEP%2FVOC_PDF',Version='0001',SAP__Origin='LOCAL')/$value">
        <edmx:Include Namespace="com.sap.vocabularies.PDF.v1" Alias="SAP__PDF"/>
    </edmx:Reference>
    <edmx:Reference Uri="/sap/opu/odata/IWFND/CATALOGSERVICE;v=2/Vocabularies(TechnicalName='%2FIWBEP%2FVOC_SESSION',Version='0001',SAP__Origin='LOCAL')/$value">
        <edmx:Include Namespace="com.sap.vocabularies.Session.v1" Alias="SAP__session"/>
    </edmx:Reference>
    <edmx:Reference Uri="/sap/opu/odata/IWFND/CATALOGSERVICE;v=2/Vocabularies(TechnicalName='%2FIWBEP%2FVOC_HIERARCHY',Version='0001',SAP__Origin='LOCAL')/$value">
        <edmx:Include Namespace="com.sap.vocabularies.Hierarchy.v1" Alias="SAP__hierarchy"/>
    </edmx:Reference>
    <edmx:DataServices>
        <Schema Namespace="com.sap.gateway.srvd.zui_zt_dtimp_files_o4.v0001" Alias="SAP__self">
            <Annotation Term="SAP__core.SchemaVersion" String="1.0.0"/>
            <EntityType Name="ConfigurationType">
                <Key>
                    <PropertyRef Name="UUID"/>
                    <PropertyRef Name="IsActiveEntity"/>
                </Key>
                <Property Name="UUID" Type="Edm.Guid" Nullable="false"/>
                <Property Name="Object" Type="Edm.String" Nullable="false" MaxLength="50"/>
                <Property Name="Objectname" Type="Edm.String" Nullable="false" MaxLength="100"/>
                <Property Name="Fmname" Type="Edm.String" Nullable="false" MaxLength="50"/>
                <Property Name="Mimetype" Type="Edm.String" Nullable="false" MaxLength="128"/>
                <Property Name="Sheetname" Type="Edm.String" Nullable="false" MaxLength="50"/>
                <Property Name="Structname" Type="Edm.String" Nullable="false" MaxLength="50"/>
                <Property Name="LocalLastChangedAt" Type="Edm.DateTimeOffset" Precision="7"/>
                <Property Name="HasDraftEntity" Type="Edm.Boolean" Nullable="false"/>
                <Property Name="DraftEntityCreationDateTime" Type="Edm.DateTimeOffset" Precision="7"/>
                <Property Name="DraftEntityLastChangeDateTime" Type="Edm.DateTimeOffset" Precision="7"/>
                <Property Name="HasActiveEntity" Type="Edm.Boolean" Nullable="false"/>
                <Property Name="IsActiveEntity" Type="Edm.Boolean" Nullable="false"/>
                <Property Name="__EntityControl" Type="com.sap.gateway.srvd.zui_zt_dtimp_files_o4.v0001.EntityControl"/>
                <Property Name="__OperationControl" Type="com.sap.gateway.srvd.zui_zt_dtimp_files_o4.v0001.ConfigurationOperationControl"/>
                <Property Name="SAP__Messages" Type="Collection(com.sap.gateway.srvd.zui_zt_dtimp_files_o4.v0001.SAP__Message)" Nullable="false"/>
                <NavigationProperty Name="DraftAdministrativeData" Type="com.sap.gateway.srvd.zui_zt_dtimp_files_o4.v0001.I_DraftAdministrativeDataType"/>
                <NavigationProperty Name="SiblingEntity" Type="com.sap.gateway.srvd.zui_zt_dtimp_files_o4.v0001.ConfigurationType"/>
            </EntityType>
            <EntityType Name="I_DraftAdministrativeDataType">
                <Key>
                    <PropertyRef Name="DraftUUID"/>
                    <PropertyRef Name="DraftEntityType"/>
                </Key>
                <Property Name="DraftUUID" Type="Edm.Guid" Nullable="false"/>
                <Property Name="DraftEntityType" Type="Edm.String" Nullable="false" MaxLength="30"/>
                <Property Name="CreationDateTime" Type="Edm.DateTimeOffset" Precision="7"/>
                <Property Name="CreatedByUser" Type="Edm.String" Nullable="false" MaxLength="12"/>
                <Property Name="LastChangeDateTime" Type="Edm.DateTimeOffset" Precision="7"/>
                <Property Name="LastChangedByUser" Type="Edm.String" Nullable="false" MaxLength="12"/>
                <Property Name="DraftAccessType" Type="Edm.String" Nullable="false" MaxLength="1"/>
                <Property Name="ProcessingStartDateTime" Type="Edm.DateTimeOffset" Precision="7"/>
                <Property Name="InProcessByUser" Type="Edm.String" Nullable="false" MaxLength="12"/>
                <Property Name="DraftIsKeptByUser" Type="Edm.Boolean" Nullable="false"/>
                <Property Name="EnqueueStartDateTime" Type="Edm.DateTimeOffset" Precision="7"/>
                <Property Name="DraftIsCreatedByMe" Type="Edm.Boolean" Nullable="false"/>
                <Property Name="DraftIsLastChangedByMe" Type="Edm.Boolean" Nullable="false"/>
                <Property Name="DraftIsProcessedByMe" Type="Edm.Boolean" Nullable="false"/>
                <Property Name="CreatedByUserDescription" Type="Edm.String" Nullable="false" MaxLength="80"/>
                <Property Name="LastChangedByUserDescription" Type="Edm.String" Nullable="false" MaxLength="80"/>
                <Property Name="InProcessByUserDescription" Type="Edm.String" Nullable="false" MaxLength="80"/>
            </EntityType>
            <EntityType Name="FilesType">
                <Key>
                    <PropertyRef Name="UUID"/>
                    <PropertyRef Name="IsActiveEntity"/>
                </Key>
                <Property Name="UUID" Type="Edm.Guid" Nullable="false"/>
                <Property Name="UuidConf" Type="Edm.Guid" Nullable="false"/>
                <Property Name="Objectname" Type="Edm.String" Nullable="false" MaxLength="100"/>
                <Property Name="MimeType" Type="Edm.String" Nullable="false" MaxLength="128"/>
                <Property Name="Attachment" Type="Edm.Stream"/>
                <Property Name="FileName" Type="Edm.String" Nullable="false" MaxLength="128"/>
                <Property Name="LocalLastChangedAt" Type="Edm.DateTimeOffset" Precision="7"/>
                <Property Name="JobCount" Type="Edm.String" Nullable="false" MaxLength="16"/>
                <Property Name="JobName" Type="Edm.String" Nullable="false" MaxLength="64"/>
                <Property Name="LogHandle" Type="Edm.Guid"/>
                <Property Name="JobStatus" Type="Edm.String" Nullable="false" MaxLength="1"/>
                <Property Name="JobStatusText" Type="Edm.String" Nullable="false" MaxLength="20"/>
                <Property Name="JobStatusCriticality" Type="Edm.Byte" Nullable="false"/>
                <Property Name="HasDraftEntity" Type="Edm.Boolean" Nullable="false"/>
                <Property Name="DraftEntityCreationDateTime" Type="Edm.DateTimeOffset" Precision="7"/>
                <Property Name="DraftEntityLastChangeDateTime" Type="Edm.DateTimeOffset" Precision="7"/>
                <Property Name="HasActiveEntity" Type="Edm.Boolean" Nullable="false"/>
                <Property Name="IsActiveEntity" Type="Edm.Boolean" Nullable="false"/>
                <Property Name="__EntityControl" Type="com.sap.gateway.srvd.zui_zt_dtimp_files_o4.v0001.EntityControl"/>
                <Property Name="__OperationControl" Type="com.sap.gateway.srvd.zui_zt_dtimp_files_o4.v0001.FilesOperationControl"/>
                <Property Name="SAP__Messages" Type="Collection(com.sap.gateway.srvd.zui_zt_dtimp_files_o4.v0001.SAP__Message)" Nullable="false"/>
                <NavigationProperty Name="DraftAdministrativeData" Type="com.sap.gateway.srvd.zui_zt_dtimp_files_o4.v0001.I_DraftAdministrativeDataType"/>
                <NavigationProperty Name="SiblingEntity" Type="com.sap.gateway.srvd.zui_zt_dtimp_files_o4.v0001.FilesType"/>
                <NavigationProperty Name="_configuration" Type="com.sap.gateway.srvd.zui_zt_dtimp_files_o4.v0001.ConfigurationType"/>
            </EntityType>
            <ComplexType Name="ConfigurationOperationControl">
                <Property Name="Edit" Type="Edm.Boolean" Nullable="false"/>
            </ComplexType>
            <ComplexType Name="FilesOperationControl">
                <Property Name="Edit" Type="Edm.Boolean" Nullable="false"/>
            </ComplexType>
            <ComplexType Name="EntityControl">
                <Property Name="Deletable" Type="Edm.Boolean" Nullable="false"/>
                <Property Name="Updatable" Type="Edm.Boolean" Nullable="false"/>
            </ComplexType>
            <ComplexType Name="SAP__Message">
                <Property Name="code" Type="Edm.String" Nullable="false"/>
                <Property Name="message" Type="Edm.String" Nullable="false"/>
                <Property Name="target" Type="Edm.String"/>
                <Property Name="additionalTargets" Type="Collection(Edm.String)" Nullable="false"/>
                <Property Name="transition" Type="Edm.Boolean" Nullable="false"/>
                <Property Name="numericSeverity" Type="Edm.Byte" Nullable="false"/>
                <Property Name="longtextUrl" Type="Edm.String"/>
            </ComplexType>
            <Action Name="Discard" IsBound="true">
                <Parameter Name="_it" Type="com.sap.gateway.srvd.zui_zt_dtimp_files_o4.v0001.ConfigurationType" Nullable="false"/>
            </Action>
            <Action Name="Resume" IsBound="true">
                <Parameter Name="_it" Type="com.sap.gateway.srvd.zui_zt_dtimp_files_o4.v0001.ConfigurationType" Nullable="false"/>
            </Action>
            <Action Name="Resume" IsBound="true">
                <Parameter Name="_it" Type="com.sap.gateway.srvd.zui_zt_dtimp_files_o4.v0001.FilesType" Nullable="false"/>
            </Action>
            <Action Name="Edit" EntitySetPath="_it" IsBound="true">
                <Parameter Name="_it" Type="com.sap.gateway.srvd.zui_zt_dtimp_files_o4.v0001.FilesType" Nullable="false"/>
                <Parameter Name="PreserveChanges" Type="Edm.Boolean" Nullable="false"/>
                <ReturnType Type="com.sap.gateway.srvd.zui_zt_dtimp_files_o4.v0001.FilesType" Nullable="false"/>
            </Action>
            <Action Name="Prepare" IsBound="true">
                <Parameter Name="_it" Type="com.sap.gateway.srvd.zui_zt_dtimp_files_o4.v0001.FilesType" Nullable="false"/>
            </Action>
            <Action Name="Discard" IsBound="true">
                <Parameter Name="_it" Type="com.sap.gateway.srvd.zui_zt_dtimp_files_o4.v0001.FilesType" Nullable="false"/>
            </Action>
            <Action Name="Activate" EntitySetPath="_it" IsBound="true">
                <Parameter Name="_it" Type="com.sap.gateway.srvd.zui_zt_dtimp_files_o4.v0001.ConfigurationType" Nullable="false"/>
                <ReturnType Type="com.sap.gateway.srvd.zui_zt_dtimp_files_o4.v0001.ConfigurationType" Nullable="false"/>
            </Action>
            <Action Name="Prepare" IsBound="true">
                <Parameter Name="_it" Type="com.sap.gateway.srvd.zui_zt_dtimp_files_o4.v0001.ConfigurationType" Nullable="false"/>
            </Action>
            <Action Name="Activate" EntitySetPath="_it" IsBound="true">
                <Parameter Name="_it" Type="com.sap.gateway.srvd.zui_zt_dtimp_files_o4.v0001.FilesType" Nullable="false"/>
                <ReturnType Type="com.sap.gateway.srvd.zui_zt_dtimp_files_o4.v0001.FilesType" Nullable="false"/>
            </Action>
            <Action Name="Edit" EntitySetPath="_it" IsBound="true">
                <Parameter Name="_it" Type="com.sap.gateway.srvd.zui_zt_dtimp_files_o4.v0001.ConfigurationType" Nullable="false"/>
                <Parameter Name="PreserveChanges" Type="Edm.Boolean" Nullable="false"/>
                <ReturnType Type="com.sap.gateway.srvd.zui_zt_dtimp_files_o4.v0001.ConfigurationType" Nullable="false"/>
            </Action>
            <EntityContainer Name="Container">
                <EntitySet Name="Configuration" EntityType="com.sap.gateway.srvd.zui_zt_dtimp_files_o4.v0001.ConfigurationType">
                    <NavigationPropertyBinding Path="DraftAdministrativeData" Target="I_DraftAdministrativeData"/>
                    <NavigationPropertyBinding Path="SiblingEntity" Target="Configuration"/>
                </EntitySet>
                <EntitySet Name="Files" EntityType="com.sap.gateway.srvd.zui_zt_dtimp_files_o4.v0001.FilesType">
                    <NavigationPropertyBinding Path="DraftAdministrativeData" Target="I_DraftAdministrativeData"/>
                    <NavigationPropertyBinding Path="SiblingEntity" Target="Files"/>
                    <NavigationPropertyBinding Path="_configuration" Target="Configuration"/>
                </EntitySet>
                <EntitySet Name="I_DraftAdministrativeData" EntityType="com.sap.gateway.srvd.zui_zt_dtimp_files_o4.v0001.I_DraftAdministrativeDataType"/>
            </EntityContainer>
            <Annotations Target="SAP__self.ConfigurationType/UUID">
                <Annotation Term="SAP__core.Computed"/>
                <Annotation Term="SAP__UI.Hidden"/>
                <Annotation Term="SAP__common.Label" String="UUID"/>
                <Annotation Term="SAP__common.QuickInfo" String="16 Byte UUID in 16 Bytes (Raw Format)"/>
            </Annotations>
            <Annotations Target="SAP__self.ConfigurationType/LocalLastChangedAt">
                <Annotation Term="SAP__core.Computed"/>
                <Annotation Term="SAP__UI.Hidden"/>
                <Annotation Term="SAP__common.Label" String="Changed On"/>
                <Annotation Term="SAP__common.QuickInfo" String="Local Instance Last Change Date Time"/>
            </Annotations>
            <Annotations Target="SAP__self.ConfigurationType/HasDraftEntity">
                <Annotation Term="SAP__core.Computed"/>
                <Annotation Term="SAP__UI.HiddenFilter"/>
                <Annotation Term="SAP__UI.Hidden"/>
                <Annotation Term="SAP__common.Label" String="Has Draft"/>
                <Annotation Term="SAP__common.QuickInfo" String="Draft - Indicator - Has draft document"/>
            </Annotations>
            <Annotations Target="SAP__self.ConfigurationType/DraftEntityCreationDateTime">
                <Annotation Term="SAP__core.Computed"/>
                <Annotation Term="SAP__UI.HiddenFilter"/>
                <Annotation Term="SAP__UI.Hidden"/>
                <Annotation Term="SAP__common.Label" String="Draft Created On"/>
            </Annotations>
            <Annotations Target="SAP__self.ConfigurationType/DraftEntityLastChangeDateTime">
                <Annotation Term="SAP__core.Computed"/>
                <Annotation Term="SAP__UI.HiddenFilter"/>
                <Annotation Term="SAP__UI.Hidden"/>
                <Annotation Term="SAP__common.Label" String="Draft Last Changed On"/>
            </Annotations>
            <Annotations Target="SAP__self.ConfigurationType/HasActiveEntity">
                <Annotation Term="SAP__core.Computed"/>
                <Annotation Term="SAP__UI.HiddenFilter"/>
                <Annotation Term="SAP__UI.Hidden"/>
                <Annotation Term="SAP__common.Label" String="Has active"/>
                <Annotation Term="SAP__common.QuickInfo" String="Draft - Indicator - Has active document"/>
            </Annotations>
            <Annotations Target="SAP__self.ConfigurationType/IsActiveEntity">
                <Annotation Term="SAP__core.Computed"/>
                <Annotation Term="SAP__UI.HiddenFilter"/>
                <Annotation Term="SAP__UI.Hidden"/>
                <Annotation Term="SAP__common.Label" String="Is active"/>
                <Annotation Term="SAP__common.QuickInfo" String="Draft - Indicator - Is active document"/>
            </Annotations>
            <Annotations Target="SAP__self.ConfigurationType/__EntityControl">
                <Annotation Term="SAP__core.Computed"/>
                <Annotation Term="SAP__UI.HiddenFilter"/>
                <Annotation Term="SAP__UI.Hidden"/>
            </Annotations>
            <Annotations Target="SAP__self.ConfigurationType/__OperationControl">
                <Annotation Term="SAP__core.Computed"/>
                <Annotation Term="SAP__UI.HiddenFilter"/>
                <Annotation Term="SAP__UI.Hidden"/>
            </Annotations>
            <Annotations Target="SAP__self.Container/Configuration">
                <Annotation Term="SAP__common.DraftRoot">
                    <Record>
                        <PropertyValue Property="DiscardAction" String="com.sap.gateway.srvd.zui_zt_dtimp_files_o4.v0001.Discard"/>
                        <PropertyValue Property="ActivationAction" String="com.sap.gateway.srvd.zui_zt_dtimp_files_o4.v0001.Activate"/>
                        <PropertyValue Property="PreparationAction" String="com.sap.gateway.srvd.zui_zt_dtimp_files_o4.v0001.Prepare"/>
                        <PropertyValue Property="EditAction" String="com.sap.gateway.srvd.zui_zt_dtimp_files_o4.v0001.Edit"/>
                    </Record>
                </Annotation>
                <Annotation Term="SAP__capabilities.SearchRestrictions">
                    <Record>
                        <PropertyValue Property="Searchable" Bool="false"/>
                    </Record>
                </Annotation>
                <Annotation Term="SAP__capabilities.FilterRestrictions">
                    <Record>
                        <PropertyValue Property="Filterable" Bool="true"/>
                        <PropertyValue Property="FilterExpressionRestrictions">
                            <Collection>
                                <Record>
                                    <PropertyValue Property="Property" PropertyPath="DraftEntityCreationDateTime"/>
                                    <PropertyValue Property="AllowedExpressions" String="SingleRange"/>
                                </Record>
                                <Record>
                                    <PropertyValue Property="Property" PropertyPath="DraftEntityLastChangeDateTime"/>
                                    <PropertyValue Property="AllowedExpressions" String="SingleRange"/>
                                </Record>
                            </Collection>
                        </PropertyValue>
                        <PropertyValue Property="NonFilterableProperties">
                            <Collection>
                                <PropertyPath>__EntityControl</PropertyPath>
                                <PropertyPath>__OperationControl</PropertyPath>
                            </Collection>
                        </PropertyValue>
                    </Record>
                </Annotation>
                <Annotation Term="SAP__capabilities.SortRestrictions">
                    <Record>
                        <PropertyValue Property="NonSortableProperties">
                            <Collection>
                                <PropertyPath>__EntityControl</PropertyPath>
                                <PropertyPath>__OperationControl</PropertyPath>
                            </Collection>
                        </PropertyValue>
                    </Record>
                </Annotation>
                <Annotation Term="SAP__capabilities.DeleteRestrictions">
                    <Record>
                        <PropertyValue Property="Deletable" Path="__EntityControl/Deletable"/>
                    </Record>
                </Annotation>
                <Annotation Term="SAP__capabilities.UpdateRestrictions">
                    <Record>
                        <PropertyValue Property="Updatable" Path="__EntityControl/Updatable"/>
                        <PropertyValue Property="QueryOptions">
                            <Record>
                                <PropertyValue Property="SelectSupported" Bool="true"/>
                            </Record>
                        </PropertyValue>
                    </Record>
                </Annotation>
                <Annotation Term="SAP__core.OptimisticConcurrency">
                    <Collection>
                        <PropertyPath>LocalLastChangedAt</PropertyPath>
                    </Collection>
                </Annotation>
            </Annotations>
            <Annotations Target="SAP__self.Edit(SAP__self.ConfigurationType)">
                <Annotation Term="SAP__core.OperationAvailable" Path="_it/__OperationControl/Edit"/>
            </Annotations>
            <Annotations Target="SAP__self.ConfigurationType">
                <Annotation Term="SAP__common.Label" String="Projection View for ZZI_ZT_DTIMP_CONF"/>
                <Annotation Term="SAP__UI.Facets">
                    <Collection>
                        <Record Type="SAP__UI.ReferenceFacet">
                            <PropertyValue Property="Label" String="Configuration"/>
                            <PropertyValue Property="ID" String="idIdentification"/>
                            <PropertyValue Property="Target" AnnotationPath="@SAP__UI.Identification"/>
                        </Record>
                    </Collection>
                </Annotation>
                <Annotation Term="SAP__UI.HeaderInfo">
                    <Record>
                        <PropertyValue Property="TypeName" String="Configuration"/>
                        <PropertyValue Property="TypeNamePlural" String="Configurations"/>
                    </Record>
                </Annotation>
                <Annotation Term="SAP__UI.Identification">
                    <Collection>
                        <Record Type="SAP__UI.DataField">
                            <PropertyValue Property="Value" Path="Object"/>
                        </Record>
                        <Record Type="SAP__UI.DataField">
                            <PropertyValue Property="Value" Path="Objectname"/>
                        </Record>
                        <Record Type="SAP__UI.DataField">
                            <PropertyValue Property="Value" Path="Fmname"/>
                        </Record>
                        <Record Type="SAP__UI.DataField">
                            <PropertyValue Property="Value" Path="Mimetype"/>
                        </Record>
                        <Record Type="SAP__UI.DataField">
                            <PropertyValue Property="Value" Path="Sheetname"/>
                        </Record>
                        <Record Type="SAP__UI.DataField">
                            <PropertyValue Property="Value" Path="Structname"/>
                        </Record>
                    </Collection>
                </Annotation>
                <Annotation Term="SAP__UI.LineItem">
                    <Collection>
                        <Record Type="SAP__UI.DataField">
                            <PropertyValue Property="Value" Path="Object"/>
                            <Annotation Term="SAP__UI.Importance" EnumMember="SAP__UI.ImportanceType/Medium"/>
                        </Record>
                        <Record Type="SAP__UI.DataField">
                            <PropertyValue Property="Value" Path="Objectname"/>
                            <Annotation Term="SAP__UI.Importance" EnumMember="SAP__UI.ImportanceType/Medium"/>
                        </Record>
                        <Record Type="SAP__UI.DataField">
                            <PropertyValue Property="Value" Path="Fmname"/>
                            <Annotation Term="SAP__UI.Importance" EnumMember="SAP__UI.ImportanceType/Medium"/>
                        </Record>
                        <Record Type="SAP__UI.DataField">
                            <PropertyValue Property="Value" Path="Mimetype"/>
                            <Annotation Term="SAP__UI.Importance" EnumMember="SAP__UI.ImportanceType/Medium"/>
                        </Record>
                        <Record Type="SAP__UI.DataField">
                            <PropertyValue Property="Value" Path="Sheetname"/>
                            <Annotation Term="SAP__UI.Importance" EnumMember="SAP__UI.ImportanceType/Medium"/>
                        </Record>
                        <Record Type="SAP__UI.DataField">
                            <PropertyValue Property="Value" Path="Structname"/>
                            <Annotation Term="SAP__UI.Importance" EnumMember="SAP__UI.ImportanceType/Medium"/>
                        </Record>
                    </Collection>
                </Annotation>
                <Annotation Term="Communication.Contact">
                    <Record/>
                </Annotation>
                <Annotation Term="SAP__common.Messages" Path="SAP__Messages"/>
            </Annotations>
            <Annotations Target="SAP__self.I_DraftAdministrativeDataType/DraftEntityType">
                <Annotation Term="SAP__common.IsUpperCase"/>
                <Annotation Term="SAP__UI.Hidden"/>
                <Annotation Term="SAP__common.Label" String="Draft Entity ID"/>
            </Annotations>
            <Annotations Target="SAP__self.I_DraftAdministrativeDataType/CreatedByUser">
                <Annotation Term="SAP__common.Text" Path="CreatedByUserDescription"/>
                <Annotation Term="SAP__common.IsUpperCase"/>
                <Annotation Term="SAP__common.ValueListReferences">
                    <Collection>
                        <String>../../../../srvd_f4/sap/i_draftadministrativeuservh/0001;ps='srvd-zui_zt_dtimp_files_o4-0001';va='com.sap.gateway.srvd.zui_zt_dtimp_files_o4.v0001.et-i_draftadministrativedata.createdbyuser'/$metadata</String>
                    </Collection>
                </Annotation>
                <Annotation Term="SAP__common.Label" String="Draft Created By"/>
            </Annotations>
            <Annotations Target="SAP__self.I_DraftAdministrativeDataType/LastChangedByUser">
                <Annotation Term="SAP__common.Text" Path="LastChangedByUserDescription"/>
                <Annotation Term="SAP__common.IsUpperCase"/>
                <Annotation Term="SAP__common.ValueListReferences">
                    <Collection>
                        <String>../../../../srvd_f4/sap/i_draftadministrativeuservh/0001;ps='srvd-zui_zt_dtimp_files_o4-0001';va='com.sap.gateway.srvd.zui_zt_dtimp_files_o4.v0001.et-i_draftadministrativedata.lastchangedbyuser'/$metadata</String>
                    </Collection>
                </Annotation>
                <Annotation Term="SAP__common.Label" String="Draft Last Changed By"/>
            </Annotations>
            <Annotations Target="SAP__self.I_DraftAdministrativeDataType/DraftAccessType">
                <Annotation Term="SAP__common.IsUpperCase"/>
                <Annotation Term="SAP__UI.Hidden"/>
                <Annotation Term="SAP__common.Label" String="Draft Access Type"/>
            </Annotations>
            <Annotations Target="SAP__self.I_DraftAdministrativeDataType/InProcessByUser">
                <Annotation Term="SAP__common.Text" Path="InProcessByUserDescription"/>
                <Annotation Term="SAP__common.IsUpperCase"/>
                <Annotation Term="SAP__UI.Hidden"/>
                <Annotation Term="SAP__common.Label" String="Draft In Process By"/>
            </Annotations>
            <Annotations Target="SAP__self.I_DraftAdministrativeDataType">
                <Annotation Term="SAP__common.Label" String="Draft Administration Data"/>
            </Annotations>
            <Annotations Target="SAP__self.Container/I_DraftAdministrativeData">
                <Annotation Term="SAP__capabilities.SearchRestrictions">
                    <Record>
                        <PropertyValue Property="Searchable" Bool="true"/>
                        <PropertyValue Property="UnsupportedExpressions" EnumMember="SAP__capabilities.SearchExpressions/AND SAP__capabilities.SearchExpressions/OR SAP__capabilities.SearchExpressions/NOT SAP__capabilities.SearchExpressions/group SAP__capabilities.SearchExpressions/phrase"/>
                    </Record>
                </Annotation>
                <Annotation Term="SAP__capabilities.FilterRestrictions">
                    <Record>
                        <PropertyValue Property="Filterable" Bool="true"/>
                        <PropertyValue Property="FilterExpressionRestrictions">
                            <Collection>
                                <Record>
                                    <PropertyValue Property="Property" PropertyPath="CreationDateTime"/>
                                    <PropertyValue Property="AllowedExpressions" String="SingleRange"/>
                                </Record>
                                <Record>
                                    <PropertyValue Property="Property" PropertyPath="LastChangeDateTime"/>
                                    <PropertyValue Property="AllowedExpressions" String="SingleRange"/>
                                </Record>
                            </Collection>
                        </PropertyValue>
                    </Record>
                </Annotation>
                <Annotation Term="SAP__capabilities.InsertRestrictions">
                    <Record>
                        <PropertyValue Property="Insertable" Bool="false"/>
                    </Record>
                </Annotation>
                <Annotation Term="SAP__capabilities.DeleteRestrictions">
                    <Record>
                        <PropertyValue Property="Deletable" Bool="false"/>
                    </Record>
                </Annotation>
                <Annotation Term="SAP__capabilities.UpdateRestrictions">
                    <Record>
                        <PropertyValue Property="Updatable" Bool="false"/>
                        <PropertyValue Property="QueryOptions">
                            <Record>
                                <PropertyValue Property="SelectSupported" Bool="true"/>
                            </Record>
                        </PropertyValue>
                    </Record>
                </Annotation>
                <Annotation Term="SAP__core.OptimisticConcurrency">
                    <Collection/>
                </Annotation>
            </Annotations>
            <Annotations Target="SAP__self.FilesType/UUID">
                <Annotation Term="SAP__core.Computed"/>
                <Annotation Term="SAP__UI.Hidden"/>
                <Annotation Term="SAP__common.Label" String="UUID"/>
                <Annotation Term="SAP__common.QuickInfo" String="16 Byte UUID in 16 Bytes (Raw Format)"/>
            </Annotations>
            <Annotations Target="SAP__self.FilesType/Objectname">
                <Annotation Term="SAP__core.Computed"/>
                <Annotation Term="SAP__common.Label" String="Import Object Name"/>
                <Annotation Term="SAP__common.Heading" String="Batch Import Object Name"/>
                <Annotation Term="SAP__common.QuickInfo" String="Batch Import Object Name"/>
            </Annotations>
            <Annotations Target="SAP__self.FilesType/MimeType">
                <Annotation Term="SAP__core.IsMediaType"/>
                <Annotation Term="SAP__UI.Hidden"/>
                <Annotation Term="SAP__common.Label" String="Mime Type"/>
            </Annotations>
            <Annotations Target="SAP__self.FilesType/Attachment">
                <Annotation Term="SAP__core.ContentDisposition">
                    <Record>
                        <PropertyValue Property="Filename" Path="FileName"/>
                    </Record>
                </Annotation>
                <Annotation Term="SAP__core.MediaType" Path="MimeType"/>
                <Annotation Term="SAP__common.Label" String="Attachment"/>
            </Annotations>
            <Annotations Target="SAP__self.FilesType/LocalLastChangedAt">
                <Annotation Term="SAP__core.Computed"/>
                <Annotation Term="SAP__UI.Hidden"/>
                <Annotation Term="SAP__common.Label" String="Changed On"/>
                <Annotation Term="SAP__common.QuickInfo" String="Local Instance Last Change Date Time"/>
            </Annotations>
            <Annotations Target="SAP__self.FilesType/JobStatus">
                <Annotation Term="SAP__common.Label" String="Job Status"/>
                <Annotation Term="SAP__core.Computed"/>
            </Annotations>
            <Annotations Target="SAP__self.FilesType/JobStatusText">
                <Annotation Term="SAP__common.Label" String="Generation"/>
                <Annotation Term="SAP__core.Computed"/>
            </Annotations>
            <Annotations Target="SAP__self.FilesType/JobStatusCriticality">
                <Annotation Term="SAP__common.Label" String="Criticality"/>
                <Annotation Term="SAP__core.Computed"/>
            </Annotations>
            <Annotations Target="SAP__self.FilesType/HasDraftEntity">
                <Annotation Term="SAP__core.Computed"/>
                <Annotation Term="SAP__UI.HiddenFilter"/>
                <Annotation Term="SAP__UI.Hidden"/>
                <Annotation Term="SAP__common.Label" String="Has Draft"/>
                <Annotation Term="SAP__common.QuickInfo" String="Draft - Indicator - Has draft document"/>
            </Annotations>
            <Annotations Target="SAP__self.FilesType/DraftEntityCreationDateTime">
                <Annotation Term="SAP__core.Computed"/>
                <Annotation Term="SAP__UI.HiddenFilter"/>
                <Annotation Term="SAP__UI.Hidden"/>
                <Annotation Term="SAP__common.Label" String="Draft Created On"/>
            </Annotations>
            <Annotations Target="SAP__self.FilesType/DraftEntityLastChangeDateTime">
                <Annotation Term="SAP__core.Computed"/>
                <Annotation Term="SAP__UI.HiddenFilter"/>
                <Annotation Term="SAP__UI.Hidden"/>
                <Annotation Term="SAP__common.Label" String="Draft Last Changed On"/>
            </Annotations>
            <Annotations Target="SAP__self.FilesType/HasActiveEntity">
                <Annotation Term="SAP__core.Computed"/>
                <Annotation Term="SAP__UI.HiddenFilter"/>
                <Annotation Term="SAP__UI.Hidden"/>
                <Annotation Term="SAP__common.Label" String="Has active"/>
                <Annotation Term="SAP__common.QuickInfo" String="Draft - Indicator - Has active document"/>
            </Annotations>
            <Annotations Target="SAP__self.FilesType/IsActiveEntity">
                <Annotation Term="SAP__core.Computed"/>
                <Annotation Term="SAP__UI.HiddenFilter"/>
                <Annotation Term="SAP__UI.Hidden"/>
                <Annotation Term="SAP__common.Label" String="Is active"/>
                <Annotation Term="SAP__common.QuickInfo" String="Draft - Indicator - Is active document"/>
            </Annotations>
            <Annotations Target="SAP__self.FilesType/__EntityControl">
                <Annotation Term="SAP__core.Computed"/>
                <Annotation Term="SAP__UI.HiddenFilter"/>
                <Annotation Term="SAP__UI.Hidden"/>
            </Annotations>
            <Annotations Target="SAP__self.FilesType/__OperationControl">
                <Annotation Term="SAP__core.Computed"/>
                <Annotation Term="SAP__UI.HiddenFilter"/>
                <Annotation Term="SAP__UI.Hidden"/>
            </Annotations>
            <Annotations Target="SAP__self.Container/Files">
                <Annotation Term="SAP__capabilities.NavigationRestrictions">
                    <Record>
                        <PropertyValue Property="RestrictedProperties">
                            <Collection>
                                <Record>
                                    <PropertyValue Property="NavigationProperty" NavigationPropertyPath="_configuration"/>
                                    <PropertyValue Property="InsertRestrictions">
                                        <Record>
                                            <PropertyValue Property="Insertable" Bool="false"/>
                                        </Record>
                                    </PropertyValue>
                                </Record>
                            </Collection>
                        </PropertyValue>
                    </Record>
                </Annotation>
                <Annotation Term="SAP__common.DraftRoot">
                    <Record>
                        <PropertyValue Property="EditAction" String="com.sap.gateway.srvd.zui_zt_dtimp_files_o4.v0001.Edit"/>
                        <PropertyValue Property="PreparationAction" String="com.sap.gateway.srvd.zui_zt_dtimp_files_o4.v0001.Prepare"/>
                        <PropertyValue Property="DiscardAction" String="com.sap.gateway.srvd.zui_zt_dtimp_files_o4.v0001.Discard"/>
                        <PropertyValue Property="ActivationAction" String="com.sap.gateway.srvd.zui_zt_dtimp_files_o4.v0001.Activate"/>
                    </Record>
                </Annotation>
                <Annotation Term="SAP__capabilities.SearchRestrictions">
                    <Record>
                        <PropertyValue Property="Searchable" Bool="false"/>
                    </Record>
                </Annotation>
                <Annotation Term="SAP__capabilities.FilterRestrictions">
                    <Record>
                        <PropertyValue Property="Filterable" Bool="true"/>
                        <PropertyValue Property="FilterExpressionRestrictions">
                            <Collection>
                                <Record>
                                    <PropertyValue Property="Property" PropertyPath="JobCount"/>
                                    <PropertyValue Property="AllowedExpressions" String="SearchExpression"/>
                                </Record>
                                <Record>
                                    <PropertyValue Property="Property" PropertyPath="JobName"/>
                                    <PropertyValue Property="AllowedExpressions" String="SearchExpression"/>
                                </Record>
                                <Record>
                                    <PropertyValue Property="Property" PropertyPath="DraftEntityCreationDateTime"/>
                                    <PropertyValue Property="AllowedExpressions" String="SingleRange"/>
                                </Record>
                                <Record>
                                    <PropertyValue Property="Property" PropertyPath="DraftEntityLastChangeDateTime"/>
                                    <PropertyValue Property="AllowedExpressions" String="SingleRange"/>
                                </Record>
                            </Collection>
                        </PropertyValue>
                        <PropertyValue Property="NonFilterableProperties">
                            <Collection>
                                <PropertyPath>JobStatus</PropertyPath>
                                <PropertyPath>JobStatusText</PropertyPath>
                                <PropertyPath>JobStatusCriticality</PropertyPath>
                                <PropertyPath>__EntityControl</PropertyPath>
                                <PropertyPath>__OperationControl</PropertyPath>
                            </Collection>
                        </PropertyValue>
                    </Record>
                </Annotation>
                <Annotation Term="SAP__capabilities.SortRestrictions">
                    <Record>
                        <PropertyValue Property="NonSortableProperties">
                            <Collection>
                                <PropertyPath>JobCount</PropertyPath>
                                <PropertyPath>JobName</PropertyPath>
                                <PropertyPath>JobStatus</PropertyPath>
                                <PropertyPath>JobStatusText</PropertyPath>
                                <PropertyPath>JobStatusCriticality</PropertyPath>
                                <PropertyPath>__EntityControl</PropertyPath>
                                <PropertyPath>__OperationControl</PropertyPath>
                            </Collection>
                        </PropertyValue>
                    </Record>
                </Annotation>
                <Annotation Term="SAP__capabilities.DeleteRestrictions">
                    <Record>
                        <PropertyValue Property="Deletable" Path="__EntityControl/Deletable"/>
                    </Record>
                </Annotation>
                <Annotation Term="SAP__capabilities.UpdateRestrictions">
                    <Record>
                        <PropertyValue Property="Updatable" Path="__EntityControl/Updatable"/>
                        <PropertyValue Property="QueryOptions">
                            <Record>
                                <PropertyValue Property="SelectSupported" Bool="true"/>
                            </Record>
                        </PropertyValue>
                    </Record>
                </Annotation>
                <Annotation Term="SAP__core.OptimisticConcurrency">
                    <Collection>
                        <PropertyPath>LocalLastChangedAt</PropertyPath>
                    </Collection>
                </Annotation>
            </Annotations>
            <Annotations Target="SAP__self.Edit(SAP__self.FilesType)">
                <Annotation Term="SAP__core.OperationAvailable" Path="_it/__OperationControl/Edit"/>
            </Annotations>
            <Annotations Target="SAP__self.FilesType/UuidConf">
                <Annotation Term="SAP__common.ValueListReferences">
                    <Collection>
                        <String>../../../../srvd_f4/sap/zzc_zt_dtimp_conf/0001;ps='srvd-zui_zt_dtimp_files_o4-0001';va='com.sap.gateway.srvd.zui_zt_dtimp_files_o4.v0001.et-zzc_zt_dtimp_files.uuidconf'/$metadata</String>
                    </Collection>
                </Annotation>
                <Annotation Term="SAP__common.Label" String="UUID"/>
                <Annotation Term="SAP__common.QuickInfo" String="16 Byte UUID in 16 Bytes (Raw Format)"/>
            </Annotations>
            <Annotations Target="SAP__self.FilesType">
                <Annotation Term="SAP__common.Label" String="Projection View for ZZR_ZT_DTIMP_FILES"/>
                <Annotation Term="SAP__UI.DataPoint" Qualifier="JobStatusText">
                    <Record>
                        <PropertyValue Property="Value" Path="JobStatusText"/>
                        <PropertyValue Property="Title" String="Generation Job Status"/>
                        <PropertyValue Property="TargetValue" Path="JobStatusText"/>
                        <PropertyValue Property="Criticality" Path="JobStatusCriticality"/>
                        <PropertyValue Property="CriticalityRepresentation" EnumMember="SAP__UI.CriticalityRepresentationType/WithIcon"/>
                    </Record>
                </Annotation>
                <Annotation Term="SAP__UI.Facets">
                    <Collection>
                        <Record Type="SAP__UI.ReferenceFacet">
                            <PropertyValue Property="Label" String="General"/>
                            <PropertyValue Property="ID" String="General"/>
                            <PropertyValue Property="Target" AnnotationPath="@SAP__UI.FieldGroup#General_FG"/>
                        </Record>
                        <Record Type="SAP__UI.ReferenceFacet">
                            <PropertyValue Property="Label" String="Job"/>
                            <PropertyValue Property="ID" String="Job"/>
                            <PropertyValue Property="Target" AnnotationPath="@SAP__UI.FieldGroup#Job_FG"/>
                        </Record>
                    </Collection>
                </Annotation>
                <Annotation Term="SAP__UI.FieldGroup" Qualifier="General_FG">
                    <Record>
                        <PropertyValue Property="Data">
                            <Collection>
                                <Record Type="SAP__UI.DataField">
                                    <PropertyValue Property="Label" String="Configuration"/>
                                    <PropertyValue Property="Value" Path="UuidConf"/>
                                </Record>
                                <Record Type="SAP__UI.DataField">
                                    <PropertyValue Property="Value" Path="Objectname"/>
                                </Record>
                                <Record Type="SAP__UI.DataField">
                                    <PropertyValue Property="Value" Path="MimeType"/>
                                </Record>
                                <Record Type="SAP__UI.DataField">
                                    <PropertyValue Property="Value" Path="FileName"/>
                                </Record>
                                <Record Type="SAP__UI.DataField">
                                    <PropertyValue Property="Label" String="Import File here"/>
                                    <PropertyValue Property="Value" Path="Attachment"/>
                                </Record>
                            </Collection>
                        </PropertyValue>
                    </Record>
                </Annotation>
                <Annotation Term="SAP__UI.FieldGroup" Qualifier="Job_FG">
                    <Record>
                        <PropertyValue Property="Data">
                            <Collection>
                                <Record Type="SAP__UI.DataField">
                                    <PropertyValue Property="Label" String="Job Count"/>
                                    <PropertyValue Property="Value" Path="JobCount"/>
                                </Record>
                                <Record Type="SAP__UI.DataField">
                                    <PropertyValue Property="Label" String="Job Name"/>
                                    <PropertyValue Property="Value" Path="JobName"/>
                                </Record>
                                <Record Type="SAP__UI.DataField">
                                    <PropertyValue Property="Value" Path="LogHandle"/>
                                </Record>
                                <Record Type="SAP__UI.DataField">
                                    <PropertyValue Property="Label" String="Job Status"/>
                                    <PropertyValue Property="Criticality" Path="JobStatusCriticality"/>
                                    <PropertyValue Property="Value" Path="JobStatusText"/>
                                </Record>
                            </Collection>
                        </PropertyValue>
                    </Record>
                </Annotation>
                <Annotation Term="SAP__UI.HeaderInfo">
                    <Record>
                        <PropertyValue Property="TypeName" String="Batch Import File"/>
                        <PropertyValue Property="TypeNamePlural" String="Files"/>
                        <PropertyValue Property="ImageUrl" Path="Attachment"/>
                    </Record>
                </Annotation>
                <Annotation Term="SAP__UI.LineItem">
                    <Collection>
                        <Record Type="SAP__UI.DataField">
                            <PropertyValue Property="Value" Path="Objectname"/>
                            <Annotation Term="SAP__UI.Importance" EnumMember="SAP__UI.ImportanceType/Medium"/>
                        </Record>
                        <Record Type="SAP__UI.DataField">
                            <PropertyValue Property="Value" Path="MimeType"/>
                            <Annotation Term="SAP__UI.Importance" EnumMember="SAP__UI.ImportanceType/Medium"/>
                        </Record>
                        <Record Type="SAP__UI.DataField">
                            <PropertyValue Property="Value" Path="Attachment"/>
                            <Annotation Term="SAP__UI.Importance" EnumMember="SAP__UI.ImportanceType/Medium"/>
                        </Record>
                        <Record Type="SAP__UI.DataField">
                            <PropertyValue Property="Value" Path="JobCount"/>
                            <Annotation Term="SAP__UI.Importance" EnumMember="SAP__UI.ImportanceType/Medium"/>
                        </Record>
                        <Record Type="SAP__UI.DataField">
                            <PropertyValue Property="Value" Path="JobName"/>
                            <Annotation Term="SAP__UI.Importance" EnumMember="SAP__UI.ImportanceType/Medium"/>
                        </Record>
                        <Record Type="SAP__UI.DataField">
                            <PropertyValue Property="Value" Path="LogHandle"/>
                            <Annotation Term="SAP__UI.Importance" EnumMember="SAP__UI.ImportanceType/Medium"/>
                        </Record>
                        <Record Type="SAP__UI.DataField">
                            <PropertyValue Property="Label" String="Job Status"/>
                            <PropertyValue Property="Criticality" Path="JobStatusCriticality"/>
                            <PropertyValue Property="Value" Path="JobStatusText"/>
                            <Annotation Term="SAP__UI.Importance" EnumMember="SAP__UI.ImportanceType/High"/>
                        </Record>
                        <Record Type="SAP__UI.DataField">
                            <PropertyValue Property="Value" Path="FileName"/>
                            <Annotation Term="SAP__UI.Importance" EnumMember="SAP__UI.ImportanceType/Medium"/>
                        </Record>
                    </Collection>
                </Annotation>
                <Annotation Term="SAP__UI.SelectionFields">
                    <Collection>
                        <PropertyPath>JobStatusText</PropertyPath>
                    </Collection>
                </Annotation>
                <Annotation Term="Communication.Contact">
                    <Record/>
                </Annotation>
                <Annotation Term="SAP__common.Messages" Path="SAP__Messages"/>
            </Annotations>
            <Annotations Target="SAP__self.Container">
                <Annotation Term="SAP__aggregation.ApplySupported">
                    <Record>
                        <PropertyValue Property="Transformations">
                            <Collection>
                                <String>aggregate</String>
                                <String>groupby</String>
                                <String>filter</String>
                            </Collection>
                        </PropertyValue>
                        <PropertyValue Property="Rollup" EnumMember="SAP__aggregation.RollupType/None"/>
                    </Record>
                </Annotation>
                <Annotation Term="SAP__common.ApplyMultiUnitBehaviorForSortingAndFiltering" Bool="true"/>
                <Annotation Term="SAP__capabilities.FilterFunctions">
                    <Collection>
                        <String>eq</String>
                        <String>ne</String>
                        <String>gt</String>
                        <String>ge</String>
                        <String>lt</String>
                        <String>le</String>
                        <String>and</String>
                        <String>or</String>
                        <String>contains</String>
                        <String>startswith</String>
                        <String>endswith</String>
                        <String>any</String>
                        <String>all</String>
                    </Collection>
                </Annotation>
                <Annotation Term="SAP__capabilities.SupportedFormats">
                    <Collection>
                        <String>application/json</String>
                        <String>application/pdf</String>
                    </Collection>
                </Annotation>
                <Annotation Term="SAP__PDF.Features">
                    <Record>
                        <PropertyValue Property="DocumentDescriptionReference" String="../../../../default/iwbep/common/0001/$metadata"/>
                        <PropertyValue Property="DocumentDescriptionCollection" String="MyDocumentDescriptions"/>
                        <PropertyValue Property="ArchiveFormat" Bool="true"/>
                        <PropertyValue Property="Border" Bool="true"/>
                        <PropertyValue Property="CoverPage" Bool="true"/>
                        <PropertyValue Property="FitToPage" Bool="true"/>
                        <PropertyValue Property="FontName" Bool="true"/>
                        <PropertyValue Property="FontSize" Bool="true"/>
                        <PropertyValue Property="Margin" Bool="true"/>
                        <PropertyValue Property="Padding" Bool="true"/>
                        <PropertyValue Property="Signature" Bool="true"/>
                        <PropertyValue Property="HeaderFooter" Bool="true"/>
                        <PropertyValue Property="ResultSizeDefault" Int="20000"/>
                        <PropertyValue Property="ResultSizeMaximum" Int="20000"/>
                    </Record>
                </Annotation>
                <Annotation Term="SAP__capabilities.KeyAsSegmentSupported"/>
                <Annotation Term="SAP__capabilities.AsynchronousRequestsSupported"/>
            </Annotations>
            <Annotations Target="SAP__self.I_DraftAdministrativeDataType/DraftUUID">
                <Annotation Term="SAP__UI.Hidden"/>
                <Annotation Term="SAP__common.Label" String="Draft (Technical ID)"/>
            </Annotations>
            <Annotations Target="SAP__self.I_DraftAdministrativeDataType/ProcessingStartDateTime">
                <Annotation Term="SAP__UI.Hidden"/>
                <Annotation Term="SAP__common.Label" String="Draft In Process Since"/>
            </Annotations>
            <Annotations Target="SAP__self.I_DraftAdministrativeDataType/DraftIsKeptByUser">
                <Annotation Term="SAP__UI.Hidden"/>
                <Annotation Term="SAP__common.Label" String="Draft Is Kept By User"/>
            </Annotations>
            <Annotations Target="SAP__self.I_DraftAdministrativeDataType/EnqueueStartDateTime">
                <Annotation Term="SAP__UI.Hidden"/>
                <Annotation Term="SAP__common.Label" String="Draft Locked Since"/>
            </Annotations>
            <Annotations Target="SAP__self.I_DraftAdministrativeDataType/DraftIsCreatedByMe">
                <Annotation Term="SAP__UI.Hidden"/>
                <Annotation Term="SAP__common.Label" String="Draft Created By Me"/>
            </Annotations>
            <Annotations Target="SAP__self.I_DraftAdministrativeDataType/DraftIsLastChangedByMe">
                <Annotation Term="SAP__UI.Hidden"/>
                <Annotation Term="SAP__common.Label" String="Draft Last Changed By Me"/>
            </Annotations>
            <Annotations Target="SAP__self.I_DraftAdministrativeDataType/DraftIsProcessedByMe">
                <Annotation Term="SAP__UI.Hidden"/>
                <Annotation Term="SAP__common.Label" String="Draft In Process By Me"/>
            </Annotations>
            <Annotations Target="SAP__self.I_DraftAdministrativeDataType/CreatedByUserDescription">
                <Annotation Term="SAP__UI.Hidden"/>
                <Annotation Term="SAP__common.Label" String="Draft Created By (Description)"/>
            </Annotations>
            <Annotations Target="SAP__self.I_DraftAdministrativeDataType/LastChangedByUserDescription">
                <Annotation Term="SAP__UI.Hidden"/>
                <Annotation Term="SAP__common.Label" String="Draft Last Changed By (Description)"/>
            </Annotations>
            <Annotations Target="SAP__self.I_DraftAdministrativeDataType/InProcessByUserDescription">
                <Annotation Term="SAP__UI.Hidden"/>
                <Annotation Term="SAP__common.Label" String="Draft In Process By (Description)"/>
            </Annotations>
            <Annotations Target="SAP__self.FilesType/FileName">
                <Annotation Term="SAP__UI.Hidden"/>
                <Annotation Term="SAP__common.Label" String="File Name"/>
            </Annotations>
            <Annotations Target="SAP__self.ConfigurationType/Object">
                <Annotation Term="SAP__common.Label" String="Batch Import Object"/>
            </Annotations>
            <Annotations Target="SAP__self.ConfigurationType/Objectname">
                <Annotation Term="SAP__common.Label" String="Import Object Name"/>
                <Annotation Term="SAP__common.Heading" String="Batch Import Object Name"/>
                <Annotation Term="SAP__common.QuickInfo" String="Batch Import Object Name"/>
            </Annotations>
            <Annotations Target="SAP__self.ConfigurationType/Fmname">
                <Annotation Term="SAP__common.Label" String="Function Module Name"/>
            </Annotations>
            <Annotations Target="SAP__self.ConfigurationType/Mimetype">
                <Annotation Term="SAP__common.Label" String="Mime Type"/>
            </Annotations>
            <Annotations Target="SAP__self.ConfigurationType/Sheetname">
                <Annotation Term="SAP__common.Label" String="Sheet Name"/>
            </Annotations>
            <Annotations Target="SAP__self.ConfigurationType/Structname">
                <Annotation Term="SAP__common.Label" String="Data Structure Name"/>
                <Annotation Term="SAP__common.QuickInfo" String="Structure Name"/>
            </Annotations>
            <Annotations Target="SAP__self.ConfigurationType/__EntityControl/Deletable">
                <Annotation Term="SAP__common.Label" String="Dyn. Method Control"/>
                <Annotation Term="SAP__common.Heading" String="Dynamic Method Control"/>
                <Annotation Term="SAP__common.QuickInfo" String="Dynamic Method Property"/>
            </Annotations>
            <Annotations Target="SAP__self.ConfigurationType/__EntityControl/Updatable">
                <Annotation Term="SAP__common.Label" String="Dyn. Method Control"/>
                <Annotation Term="SAP__common.Heading" String="Dynamic Method Control"/>
                <Annotation Term="SAP__common.QuickInfo" String="Dynamic Method Property"/>
            </Annotations>
            <Annotations Target="SAP__self.ConfigurationType/__OperationControl/Edit">
                <Annotation Term="SAP__common.Label" String="Dyn. Action Control"/>
                <Annotation Term="SAP__common.Heading" String="Dynamic Action Control"/>
                <Annotation Term="SAP__common.QuickInfo" String="Dynamic Action Property"/>
            </Annotations>
            <Annotations Target="SAP__self.I_DraftAdministrativeDataType/CreationDateTime">
                <Annotation Term="SAP__common.Label" String="Draft Created On"/>
            </Annotations>
            <Annotations Target="SAP__self.I_DraftAdministrativeDataType/LastChangeDateTime">
                <Annotation Term="SAP__common.Label" String="Draft Last Changed On"/>
            </Annotations>
            <Annotations Target="SAP__self.FilesType/LogHandle">
                <Annotation Term="SAP__common.Label" String="Handle"/>
                <Annotation Term="SAP__common.QuickInfo" String="Application Log: Log Handle"/>
            </Annotations>
            <Annotations Target="SAP__self.FilesType/__EntityControl/Deletable">
                <Annotation Term="SAP__common.Label" String="Dyn. Method Control"/>
                <Annotation Term="SAP__common.Heading" String="Dynamic Method Control"/>
                <Annotation Term="SAP__common.QuickInfo" String="Dynamic Method Property"/>
            </Annotations>
            <Annotations Target="SAP__self.FilesType/__EntityControl/Updatable">
                <Annotation Term="SAP__common.Label" String="Dyn. Method Control"/>
                <Annotation Term="SAP__common.Heading" String="Dynamic Method Control"/>
                <Annotation Term="SAP__common.QuickInfo" String="Dynamic Method Property"/>
            </Annotations>
            <Annotations Target="SAP__self.FilesType/__OperationControl/Edit">
                <Annotation Term="SAP__common.Label" String="Dyn. Action Control"/>
                <Annotation Term="SAP__common.Heading" String="Dynamic Action Control"/>
                <Annotation Term="SAP__common.QuickInfo" String="Dynamic Action Property"/>
            </Annotations>
            <Annotations Target="SAP__self.ConfigurationOperationControl/Edit">
                <Annotation Term="SAP__common.Label" String="Dyn. Action Control"/>
                <Annotation Term="SAP__common.Heading" String="Dynamic Action Control"/>
                <Annotation Term="SAP__common.QuickInfo" String="Dynamic Action Property"/>
            </Annotations>
            <Annotations Target="SAP__self.FilesOperationControl/Edit">
                <Annotation Term="SAP__common.Label" String="Dyn. Action Control"/>
                <Annotation Term="SAP__common.Heading" String="Dynamic Action Control"/>
                <Annotation Term="SAP__common.QuickInfo" String="Dynamic Action Property"/>
            </Annotations>
            <Annotations Target="SAP__self.EntityControl/Deletable">
                <Annotation Term="SAP__common.Label" String="Dyn. Method Control"/>
                <Annotation Term="SAP__common.Heading" String="Dynamic Method Control"/>
                <Annotation Term="SAP__common.QuickInfo" String="Dynamic Method Property"/>
            </Annotations>
            <Annotations Target="SAP__self.EntityControl/Updatable">
                <Annotation Term="SAP__common.Label" String="Dyn. Method Control"/>
                <Annotation Term="SAP__common.Heading" String="Dynamic Method Control"/>
                <Annotation Term="SAP__common.QuickInfo" String="Dynamic Method Property"/>
            </Annotations>
            <Annotations Target="SAP__self.Edit(SAP__self.FilesType)/PreserveChanges">
                <Annotation Term="SAP__common.Label" String="TRUE"/>
                <Annotation Term="SAP__common.QuickInfo" String="Data element for domain BOOLE: TRUE (='X') and FALSE (=' ')"/>
            </Annotations>
            <Annotations Target="SAP__self.Edit(SAP__self.ConfigurationType)/PreserveChanges">
                <Annotation Term="SAP__common.Label" String="TRUE"/>
                <Annotation Term="SAP__common.QuickInfo" String="Data element for domain BOOLE: TRUE (='X') and FALSE (=' ')"/>
            </Annotations>
        </Schema>
    </edmx:DataServices>
</edmx:Edmx>